{"0,0": [-Infinity, -Infinity, 0.9766282840606039, 0.7531884165237487], "1,0": [-Infinity, 0.7092714707266424, 3.783593245417364, 0.1], "1,1": [0.39896246330704, 0.13391687403840963, 0.4214847673371452, 34.570084326547786], "0,1": [0.6513722223030332, -Infinity, 0.21945188779344002, 2.398589169662872], "1,2": [0, 0.1, 0.11076040000000001, 6.274929393215929], "0,2": [0.1108545192, -Infinity, 0.29144476, 0], "0,3": [0.10980000000000001, -Infinity, 0, 0.2105481028816], "1,3": [0.20967451920000002, 0, 0, 0.11272871602667177], "2,2": [65.86995072146478, 0.6932143381815195, 0.1, 0.20272871602667175], "2,1": [0.10980000000000001, 0.4648292939418837, 2.191206757211681, 712.7452666], "2,0": [-Infinity, 0, 0.12426316464304082, 0.1], "3,0": [10000, 10000, 10000, 10000], "3,2": [642.7249624000001, 0.129884857415018, 0, 5.228392748278097], "3,1": [4013.6075100000003, 0, 0.10980000000000001, 0.2212671413623968], "4,2": [0.1, 79.54519450369682, 0.1, 0], "4,1": [0.1, 0, 2.0817835236668802, 0], "4,0": [-Infinity, 0, 0.10980000000000001, 0], "2,3": [0.129884857415018, 0, 0, 0.1], "4,3": [0, 0, 0, 0.1], "5,3": [0.1, 0, 0, 0], "5,2": [0, 0.1214124628816, 0, 0], "3,3": [10000, 10000, 10000, 10000]}