{"0,0": [-Infinity, -Infinity, -0.09999996819932486, 0], "0,1": [-0.09999784852669011, -Infinity, -0.09999897095698544, 0], "0,2": [-0.09993038013908692, -Infinity, -0.09995889016832944, 0], "0,3": [-0.09721871610556307, -Infinity, -9639.15112988275, 0], "0,4": [-10000, -10000, -10000, -10000]}