{"0,0": [-Infinity, -Infinity, -0.28076190442711374, -0.2762598651627734], "0,1": [-0.25243413676664, -Infinity, -0.25373841021764426, -0.2490738099813025], "1,1": [-0.21135084189328526, -0.25737243049246394, -0.20186838014255745, -0.20971487422272966], "0,2": [-0.24972982376801128, -Infinity, -0.20128435910126874, -0.20082837716068244], "0,3": [-0.1904053523729392, -Infinity, -0.1691519021463885, -0.16742139665687616], "1,0": [-Infinity, -0.23051210769032787, -0.23451598634299875, -0.23707367558039305], "1,2": [-0.1750271922870406, -0.21571462664533544, -0.17198910923836544, -0.18836242216427226], "2,2": [-0.22485579966516472, -0.15802540600000226, -0.16819903053170246, -0.16271213979034507], "2,1": [-0.19638509576641205, -0.19132112137667054, -0.19156611053443875, -0.19574554406858374], "2,0": [-Infinity, -0.20263764183688185, -0.20453335125377534, -0.20603623854407246], "3,0": [-Infinity, -0.16857774428992564, -0.1861123386607273, -0.16315213531249922], "4,0": [-Infinity, -0.13708985650234273, -0.17434256873200965, -0.1353265583402203], "3,1": [-0.1575306774952421, -0.196654357134622, -0.16317947725658966, -0.17930290044839617], "4,1": [-0.15262441616657996, -0.1571879723031797, -0.1459059079145906, -0.16537781947769042], "5,1": [-0.11987070558924515, -0.1499674914939783, -0.1260838302758855, -0.12542574527694608], "5,2": [-0.12131447742698932, -0.11698554871485611, -0.12151623416747107, -0.11788941483885107], "5,0": [-Infinity, -0.1188843360685127, -0.1198586662979148, -0.11639487402445468], "5,3": [-0.13847499023503537, -0.08955230512260468, -0.13398426174999561, -0.0845870654721613], "4,2": [-0.13686885130634424, -0.13194757188936093, -0.12968760952573238, -0.13085400312357254], "3,2": [-0.17669652631198143, -0.1369970499459084, -0.18939916843425145, -0.14120245671367185], "2,3": [-0.15892751905646538, -0.1462250204438659, -0.14348300024071747, -0.14192247716786258], "1,3": [-0.185190281658146, -0.14783776076157307, -0.14870083594071695, -0.15316139042106833], "1,4": [-0.13138437661011443, -0.19728578359758087, -0.1355370549620758, -0.14408681109640747], "0,4": [-0.15145953036104554, -Infinity, -0.1500376367732978, -0.16871673267134202], "2,4": [-0.12472923941365874, -0.1508266388415183, -0.11535373580889863, -0.14151411071534503], "3,3": [-0.16514533392760977, -0.13724614315010655, -0.13550417499984202, -0.13007885966363641], "1,5": [-0.11598984795792716, -0.13066642562739422, -0.11818151258303304, -0.12848771292051436], "1,6": [-0.125433879897472, -0.084757399139477, -0.10325060457261473, -0.09125835388960817], "2,5": [-0.10475407820349354, -0.12018999104589215, -0.10239355751237769, -0.12051671097050184], "3,5": [-0.11063655744166039, -0.10568417518218096, -0.12090796027514555, -0.10435443728633322], "3,4": [-0.1321992133506783, -0.13431802622106936, -0.1310808886040758, -0.1260562167771839], "4,3": [-0.1145692179236148, -0.13364701014524777, -0.12030391358968882, -0.11820399187972969], "6,1": [-0.08704530948005862, -0.1118747156274612, -0.08228428849385196, -0.11440693747050573], "7,1": [-0.0842230714422067, -0.079553609115768, -0.10309390742976374, -0.08044407959611025], "4,4": [-0.11816978953993228, -0.1469839563161796, -0.11951469990756032, -0.11538201767186426], "4,5": [-0.14671051665151166, -0.0830612044559792, -0.12809836480755124, -0.08501859711629275], "5,4": [-0.10115228485773603, -0.12255913244227694, -0.09361671442299091, -0.10311180982463526], "0,5": [-0.13716977075517808, -Infinity, -0.12635276767492104, -0.1368557837789497], "0,6": [-0.1270275074462727, -Infinity, -0.0785642061281693, -0.08805801927029658], "0,7": [-0.0650961992850138, -Infinity, -0.057955348000000004, -0.08804149571643828], "0,8": [-0.019980000000000005, -Infinity, -1862.0271, -0.03723945192000001], "1,7": [-0.0791960466183649, -0.09610391004157622, -0.07071357733200002, -0.08683611424997113], "2,7": [-0.08611857568169443, -0.0876023940597998, -0.07620323230327601, -0.09561620587527395], "2,6": [-0.0985003586599757, -0.09097724305853166, -0.08845358464016545, -0.10300658756927215], "1,8": [-0.07848837519020366, -0.020958040000000004, -3370.260951, -0.030112912000000006], "1,9": [-10000, -10000, -10000, -10000], "6,2": [-0.0855901654249, -0.10147602952036211, -0.0910369065821893, -0.09924084739628357], "7,2": [-0.07329343809472348, -0.09350587149747046, -0.07720483938021472, -0.08538353991407951], "7,0": [-Infinity, -0.07614444014806637, -0.09120010369080837, -0.08107649087169519], "8,1": [-0.05577659701566401, -0.07510924588265894, -0.05277351240000001, -5112.7473332790005], "7,3": [-0.06064192864702807, -0.10323562999498816, -0.06509378835288002, -0.09905599921743378], "6,3": [-0.09425193977664464, -0.08239171109534259, -0.07869398903704537, -0.08240478284589582], "6,0": [-Infinity, -0.10395552050406934, -0.0935473433439828, -0.09428724966856016], "3,6": [-0.09462010842022948, -0.09812729554831777, -0.09117576274454127, -0.09955158308678003], "3,7": [-0.06322863096261816, -0.09788499349713142, -0.06836690912019956, -0.08729662772287197], "4,6": [-0.12208522757291677, -0.08159942598514924, -0.1160717915740801, -0.07360675389093152], "5,5": [-0.0880587243865854, -0.08248528770381088, -0.07473233447931521, -0.06927844086649015], "6,5": [-0.06084137525232106, -0.07025540560737543, -0.0662271490555416, -0.06790520960442349], "6,4": [-0.06028419148541484, -0.12210698376309906, -0.056862664170932005, -0.1218017995209521], "8,0": [-Infinity, -0.06731763049516273, -0.06774355533825424, -980.019], "7,4": [-0.08021347348238397, -0.07694361455250998, -0.07810368270573362, -0.073733586202], "8,2": [-0.09268287634942321, -0.05900189164848058, -0.05133894944493601, -0.050723981560000006], "9,1": [-10000, -10000, -10000, -10000], "2,8": [-0.0829109509664305, -0.030829687920000008, -0.06135334359120001, -0.04127326717020769], "7,5": [-0.07154036246938707, -0.05721568330266943, -0.059678878168000014, -0.06330352578342402], "8,5": [-0.06914329570000001, -0.05333228960040001, -0.07472819378800001, -0.042813000000000004], "8,4": [-0.07365440882893601, -0.047613070594440005, -0.07551208742420801, -0.05110812000000001], "8,3": [-0.0683813695032, -0.08410987987803836, -0.06206120211880001, -0.0640962271], "8,6": [-0.039345224599360004, -0.056446787404000005, -0.04529926000000001, -0.040951], "9,5": [-0.029844000000000006, -0.064032939783424, -0.029308704400000007, -0.035370000000000006], "9,4": [-0.028176040000000006, -0.032951693280160003, -0.019980000000000005, -0.04594223800000001], "9,3": [-0.020240268400000004, -0.081740960892, -0.010980000000000002, -0.06433297300000002], "10,3": [-0.04448880000000001, -0.036348040000000005, -0.029058040000000004, -0.02896200000000001], "10,2": [-0.027100000000000006, -0.03746428156000001, -0.019980000000000005, -0.05261634], "9,2": [-2655.8271000000004, -0.025324963120000002, -0.035466040000000004, -0.029844000000000006], "0,9": [-10000, -10000, -10000, -10000], "4,7": [-0.09904447171146855, -0.07716196727615729, -0.06433678401616, -0.07948035892437996], "5,6": [-0.0536213236556512, -0.09307855804595758, -0.05294167381440001, -0.10068315084343826], "6,6": [-0.07344025747897874, -0.08638700193753183, -0.07335014927932001, -0.06001974308800001], "7,6": [-0.050791957148343496, -0.06193865219760001, -0.0452826, -0.05287819600000001], "7,7": [-0.04075016472, -0.029308704400000003, -0.03802384, -0.037927800000000005], "8,7": [-0.029956158648000004, -0.027100000000000006, -0.019980000000000005, -0.045997020000000007], "9,7": [-0.028262476, -0.029940040000000008, -0.027100000000000006, -0.028080000000000004], "8,8": [-0.010980000000000002, -0.021744000000000003, -0.027100000000000006, -0.019000000000000003], "9,6": [-0.05379082143120001, -0.024306288400000004, -0.028080000000000004, -0.019000000000000003], "5,7": [-0.07081423472534401, -0.047503954182765346, -0.06875443018, -0.049866851448], "4,8": [-0.06101632363448945, -0.044757539128000005, -0.06580529560000001, -0.03819671200000001],